variant,mean_success_rate,mean_path_risk,mean_comm_loss,mean_constraint_violations,mean_rule_compliance,mean_objective_score
Full QKG-QI,1.0,0.1530134306805594,0.15865347020118897,9.13888888888889,0.9111063995643615,149.0621755531308
No knowledge rules,1.0,0.19036604933526446,0.22463063606980183,14.78888888888889,0.8196706535265873,190.90775559340221
No communication rule,1.0,0.15234707343095516,0.16233440741143165,9.838888888888889,0.9049607658928598,154.87481918813182
No risk amplification,1.0,0.1570880720737926,0.1585396905798405,9.694444444444445,0.9052913413781536,153.64540949377596
