threat_weight,mean_risk,mean_energy,mean_objective,mean_violations
2.0,0.15746235569430228,60.43340383826662,139.60350465209228,7.825
3.25,0.15159898018698753,60.471598869172965,140.35953932937394,7.95
4.5,0.14717623417017606,60.48774056984892,141.05210435760245,8.05
6.0,0.14273889285017644,60.27486355839441,142.15210344979158,8.225
8.0,0.13968356033615495,60.27699115051606,141.71633600138512,8.175
